name,email,phoneNumber,aadharNumber,panNumber,state,city
Arjun Sharma,asharma@gmail.com,7117550026,100000000001,OSSKL0001I,Maharashtra,Pune
Ira Nair,inair4553@mail.com,7930086875,100000000002,ZJOVQ0002L,Punjab,Amritsar
Vivaan Verma,vverma3734@testmail.com,6883481367,100000000003,RBQNG0003O,Rajasthan,Jodhpur
Aisha Mehta,amehta5314@example.com,7884095724,100000000004,XQDDT0004R,Uttar Pradesh,Agra
Prisha Chopra,pchopra5931@mail.com,7500167403,100000000005,ZNZWA0005X,Karnataka,Mangalore
Ananya Khan,akhan4809@demo.org,7498251982,100000000006,QPDTO0006Y,Telangana,Hyderabad
Ishaan Gupta,igupta6940@testmail.com,6076275400,100000000015,WXOVP0015E,Rajasthan,Udaipur
Ishaan Kapoor,ikapoor5975@example.com,8221784619,100000000016,WZVWA0016X,Gujarat,Rajkot
Krishna Joshi,kjoshi2609@example.com,9882843720,100000000017,FIWZH0017U,Telangana,Nizamabad
Aisha Nair,anair453@example.com,8192147365,100000000018,KOGSA0018Z,Telangana,Warangal
Saanvi Bajaj,sbajaj1147@testmail.com,8619563651,100000000019,RJTEO0019M,Telangana,Hyderabad
Rohan Kapoor,rkapoor3444@demo.org,8442497105,100000000020,QIVTR0020H,Delhi,Dwarka
Aarav Verma,averma4012@demo.org,6485733168,100000000021,WXUFU0021W,Telangana,Nizamabad
Ishaan Agarwal,iagarwal4083@example.com,9145537488,100000000022,LXLEW0022O,Uttar Pradesh,Kanpur
Sai Malhotra,smalhotra7940@mail.com,8472380131,100000000023,FKIMB0023N,Rajasthan,Jaipur
Prisha Chopra,pchopra7815@example.com,8238857784,100000000024,HMKRU0024X,Tamil Nadu,Salem
